INSERT INTO public.assigned_pairs (id, id_subject, id_teacher, id_day, id_time, id_group, id_classroom, id_week) VALUES ('0a2c7c3d-706b-47c5-b361-e32bc990d7f7', 'c236276e-74a7-4232-8b10-a3e061daadf5', '1a762122-aa6d-4af5-95fd-080d99055a74', 1, '2', 2, 'cb9f3ecb-f435-4474-8c38-164f578b04a2', 1);
INSERT INTO public.assigned_pairs (id, id_subject, id_teacher, id_day, id_time, id_group, id_classroom, id_week) VALUES ('f2fa037a-ef43-45dd-8ca2-dee9b294407f', '8a55ebd1-bbba-40d5-ba67-725bbfc9a5fa', 'ebdbfadf-3fba-431e-965b-36b92c20faee', 1, '2', 1, 'd7a245f5-81e7-4c9b-8f9f-eeef76f18b20', 1);
INSERT INTO public.assigned_pairs (id, id_subject, id_teacher, id_day, id_time, id_group, id_classroom, id_week) VALUES ('a3fd4035-001c-4cb5-8dc8-8ee220f1dd54', '083636f0-19fa-4444-b8f0-72fb9bffb79f', 'fc6fcdd9-a65a-4b5d-9e53-f4ab490427bb', 1, '1', 2, '5af17643-3865-40ba-8096-bf4f73ddc709', 1);
INSERT INTO public.assigned_pairs (id, id_subject, id_teacher, id_day, id_time, id_group, id_classroom, id_week) VALUES ('227083f7-dfec-4c36-863c-8e5c25cd59b8', '083636f0-19fa-4444-b8f0-72fb9bffb79f', 'fc6fcdd9-a65a-4b5d-9e53-f4ab490427bb', 1, '3', 1, 'b90a6b12-b642-45ad-b951-c0824af743e1', 1);
INSERT INTO public.assigned_pairs (id, id_subject, id_teacher, id_day, id_time, id_group, id_classroom, id_week) VALUES ('250092a8-243f-41b9-8c3f-74155a04d622', '1df091f3-c355-4aea-b7de-a28400dc1823', 'da9f0c8e-4965-4d6a-b467-0ede226016f1', 1, '3', 2, 'cb9f3ecb-f435-4474-8c38-164f578b04a2', 1);
INSERT INTO public.assigned_pairs (id, id_subject, id_teacher, id_day, id_time, id_group, id_classroom, id_week) VALUES ('99a26035-a808-4110-80e3-086641ccfc51', '3ff2472a-0b0d-45f3-ab00-018b44228afd', '7931474b-886d-4c5d-b8d5-e4a9a6548fce', 1, '4', 1, 'd7a245f5-81e7-4c9b-8f9f-eeef76f18b20', 1);
INSERT INTO public.assigned_pairs (id, id_subject, id_teacher, id_day, id_time, id_group, id_classroom, id_week) VALUES ('b977a50d-366d-4e08-8902-3a44329f3d40', 'd66b0f50-c7de-4b25-8604-d7a7032ff2e3', 'b53915ab-d483-4583-9e05-f0c0df6068ef', 1, '4', 2, 'cb9f3ecb-f435-4474-8c38-164f578b04a2', 1);
INSERT INTO public.assigned_pairs (id, id_subject, id_teacher, id_day, id_time, id_group, id_classroom, id_week) VALUES ('52f4d416-fe8f-4d90-81cb-e0e0e5b07a55', '8cc4e65a-1113-4cd2-9c3e-c826c133ef43', '0c71c28c-8c10-4172-93a8-14a0992cbe91', 2, '1', 1, 'b90a6b12-b642-45ad-b951-c0824af743e1', 1);
INSERT INTO public.assigned_pairs (id, id_subject, id_teacher, id_day, id_time, id_group, id_classroom, id_week) VALUES ('bfb83f60-5bda-41dd-b7f9-17d55d3d3f73', 'c236276e-74a7-4232-8b10-a3e061daadf5', '1a762122-aa6d-4af5-95fd-080d99055a74', 2, '2', 2, 'cb9f3ecb-f435-4474-8c38-164f578b04a2', 1);
INSERT INTO public.assigned_pairs (id, id_subject, id_teacher, id_day, id_time, id_group, id_classroom, id_week) VALUES ('b1af0ba5-4172-4d2b-b299-b18a83090a6d', '8a55ebd1-bbba-40d5-ba67-725bbfc9a5fa', 'ebdbfadf-3fba-431e-965b-36b92c20faee', 2, '2', 1, 'd7a245f5-81e7-4c9b-8f9f-eeef76f18b20', 1);
INSERT INTO public.assigned_pairs (id, id_subject, id_teacher, id_day, id_time, id_group, id_classroom, id_week) VALUES ('02f5cd89-d1ce-4755-9172-fc0b5f833e3e', '8a55ebd1-bbba-40d5-ba67-725bbfc9a5fa', 'ebdbfadf-3fba-431e-965b-36b92c20faee', 2, '1', 2, '5af17643-3865-40ba-8096-bf4f73ddc709', 1);
INSERT INTO public.assigned_pairs (id, id_subject, id_teacher, id_day, id_time, id_group, id_classroom, id_week) VALUES ('18e17284-34f8-46f5-9535-149e3abd1ac2', '083636f0-19fa-4444-b8f0-72fb9bffb79f', 'fc6fcdd9-a65a-4b5d-9e53-f4ab490427bb', 2, '3', 1, 'b90a6b12-b642-45ad-b951-c0824af743e1', 1);
INSERT INTO public.assigned_pairs (id, id_subject, id_teacher, id_day, id_time, id_group, id_classroom, id_week) VALUES ('af4e8315-2894-4aba-9d2a-ce6ae245fcde', '1df091f3-c355-4aea-b7de-a28400dc1823', 'da9f0c8e-4965-4d6a-b467-0ede226016f1', 2, '3', 2, 'cb9f3ecb-f435-4474-8c38-164f578b04a2', 1);
INSERT INTO public.assigned_pairs (id, id_subject, id_teacher, id_day, id_time, id_group, id_classroom, id_week) VALUES ('c768d01a-645c-47d5-8149-8de440ea7f1c', '3ff2472a-0b0d-45f3-ab00-018b44228afd', '7931474b-886d-4c5d-b8d5-e4a9a6548fce', 2, '4', 1, 'd7a245f5-81e7-4c9b-8f9f-eeef76f18b20', 1);
INSERT INTO public.assigned_pairs (id, id_subject, id_teacher, id_day, id_time, id_group, id_classroom, id_week) VALUES ('e8c24098-26f2-48ee-8cbe-9683a619b158', 'd66b0f50-c7de-4b25-8604-d7a7032ff2e3', 'b53915ab-d483-4583-9e05-f0c0df6068ef', 2, '4', 2, 'cb9f3ecb-f435-4474-8c38-164f578b04a2', 1);
INSERT INTO public.assigned_pairs (id, id_subject, id_teacher, id_day, id_time, id_group, id_classroom, id_week) VALUES ('94ceeea5-ebba-4e11-868c-d2d8bba9e59d', '8cc4e65a-1113-4cd2-9c3e-c826c133ef43', '0c71c28c-8c10-4172-93a8-14a0992cbe91', 1, '1', 1, 'b90a6b12-b642-45ad-b951-c0824af743e1', 1);
INSERT INTO public.classrooms (id, classroom_number, count_seats) VALUES ('b90a6b12-b642-45ad-b951-c0824af743e1', 100, 20);
INSERT INTO public.classrooms (id, classroom_number, count_seats) VALUES ('cb9f3ecb-f435-4474-8c38-164f578b04a2', 101, 20);
INSERT INTO public.classrooms (id, classroom_number, count_seats) VALUES ('d7a245f5-81e7-4c9b-8f9f-eeef76f18b20', 102, 20);
INSERT INTO public.classrooms (id, classroom_number, count_seats) VALUES ('5af17643-3865-40ba-8096-bf4f73ddc709', 103, 20);
INSERT INTO public.classrooms (id, classroom_number, count_seats) VALUES ('49970515-0997-4299-9518-8171ee2e613c', 104, 20);
INSERT INTO public.days (id, day) VALUES (1, 'Monday');
INSERT INTO public.days (id, day) VALUES (2, 'Tuesday');
INSERT INTO public.days (id, day) VALUES (3, 'Wednesday');
INSERT INTO public.days (id, day) VALUES (4, 'Thursday');
INSERT INTO public.days (id, day) VALUES (5, 'Friday');
INSERT INTO public.days (id, day) VALUES (6, 'Saturday');
INSERT INTO public.groups (id, group_number, students_count) VALUES (1, 1, 20);
INSERT INTO public.groups (id, group_number, students_count) VALUES (2, 2, 20);
INSERT INTO public.groups (id, group_number, students_count) VALUES (3, 3, 20);
INSERT INTO public.groups (id, group_number, students_count) VALUES (4, 4, 20);
INSERT INTO public.groups (id, group_number, students_count) VALUES (5, 5, 20);
INSERT INTO public.groups (id, group_number, students_count) VALUES (6, 6, 20);
INSERT INTO public.groups (id, group_number, students_count) VALUES (7, 7, 20);
INSERT INTO public.groups (id, group_number, students_count) VALUES (8, 8, 20);
INSERT INTO public.subjects (id, subject_name) VALUES ('8cc4e65a-1113-4cd2-9c3e-c826c133ef43', 'subject1');
INSERT INTO public.subjects (id, subject_name) VALUES ('c236276e-74a7-4232-8b10-a3e061daadf5', 'subject2');
INSERT INTO public.subjects (id, subject_name) VALUES ('8a55ebd1-bbba-40d5-ba67-725bbfc9a5fa', 'subject3');
INSERT INTO public.subjects (id, subject_name) VALUES ('083636f0-19fa-4444-b8f0-72fb9bffb79f', 'subject4');
INSERT INTO public.subjects (id, subject_name) VALUES ('1df091f3-c355-4aea-b7de-a28400dc1823', 'subject5');
INSERT INTO public.subjects (id, subject_name) VALUES ('3ff2472a-0b0d-45f3-ab00-018b44228afd', 'subject6');
INSERT INTO public.subjects (id, subject_name) VALUES ('d66b0f50-c7de-4b25-8604-d7a7032ff2e3', 'subject7');
INSERT INTO public.subjects (id, subject_name) VALUES ('19680135-5870-48ab-835c-49bcaabd6b51', 'subject8');
INSERT INTO public.subjects_and_teachers (id, id_subject, id_teacher) VALUES ('1', '1', '1');
INSERT INTO public.subjects_and_teachers (id, id_subject, id_teacher) VALUES ('2', '2', '2');
INSERT INTO public.subjects_and_teachers (id, id_subject, id_teacher) VALUES ('3', '3', '3');
INSERT INTO public.subjects_and_teachers (id, id_subject, id_teacher) VALUES ('4', '4', '4');
INSERT INTO public.subjects_and_teachers (id, id_subject, id_teacher) VALUES ('5', '5', '5');
INSERT INTO public.subjects_and_teachers (id, id_subject, id_teacher) VALUES ('6', '6', '6');
INSERT INTO public.subjects_and_teachers (id, id_subject, id_teacher) VALUES ('7', '7', '7');
INSERT INTO public.subjects_and_teachers (id, id_subject, id_teacher) VALUES ('8', '8', '8');
INSERT INTO public.teachers (id, teacher_name) VALUES ('0c71c28c-8c10-4172-93a8-14a0992cbe91', 'teacher1');
INSERT INTO public.teachers (id, teacher_name) VALUES ('1a762122-aa6d-4af5-95fd-080d99055a74', 'teacher2');
INSERT INTO public.teachers (id, teacher_name) VALUES ('ebdbfadf-3fba-431e-965b-36b92c20faee', 'teacher3');
INSERT INTO public.teachers (id, teacher_name) VALUES ('fc6fcdd9-a65a-4b5d-9e53-f4ab490427bb', 'teacher4');
INSERT INTO public.teachers (id, teacher_name) VALUES ('da9f0c8e-4965-4d6a-b467-0ede226016f1', 'teacher5');
INSERT INTO public.teachers (id, teacher_name) VALUES ('7931474b-886d-4c5d-b8d5-e4a9a6548fce', 'teacher6');
INSERT INTO public.teachers (id, teacher_name) VALUES ('b53915ab-d483-4583-9e05-f0c0df6068ef', 'teacher7');
INSERT INTO public.teachers (id, teacher_name) VALUES ('325c103b-948b-48ae-a213-dafb55b6d491', 'teacher8');
INSERT INTO public.times (id, time) VALUES ('2', '09:45-11:05');
INSERT INTO public.times (id, time) VALUES ('3', '11:15-12:35');
INSERT INTO public.times (id, time) VALUES ('4', '13:00-14:20');
INSERT INTO public.times (id, time) VALUES ('5', '14:30-15:50');
INSERT INTO public.times (id, time) VALUES ('6', '16:00-17:20');
INSERT INTO public.times (id, time) VALUES ('7', '17:30-18:50');
INSERT INTO public.times (id, time) VALUES ('8', '19:00-20:20');
INSERT INTO public.times (id, time) VALUES ('1', '08:15-09:35');
INSERT INTO public.weeks (week_id, week_start, week_finish) VALUES (1, '2019-03-25', '2019-03-30');
INSERT INTO public.weeks (week_id, week_start, week_finish) VALUES (3, '2019-04-08', '2019-04-13');
INSERT INTO public.weeks (week_id, week_start, week_finish) VALUES (2, '2019-04-01', '2019-04-06');